{"cameraMode":{"drawMode":0,"name":"Shaded","section":"Shading Mode"},"sceneLighting":true,"audioPlay":false,"sceneViewState":{"m_AlwaysRefresh":false,"showFog":true,"showSkybox":true,"showFlares":true,"showImageEffects":true,"showParticleSystems":true,"showVisualEffectGraphs":true,"m_FxEnabled":true},"in2DMode":false,"pivot":{"x":-18.114559173583986,"y":9.780740737915039,"z":46.51499557495117},"rotation":{"x":-0.31785622239112856,"y":-0.040739066898822787,"z":0.012279086746275425,"w":-0.9481416344642639},"size":203.15032958984376,"orthographic":false}