{"cameraMode":{"drawMode":0,"name":"Shaded","section":"Shading Mode"},"sceneLighting":true,"audioPlay":false,"sceneViewState":{"m_AlwaysRefresh":false,"showFog":true,"showSkybox":true,"showFlares":true,"showImageEffects":true,"showParticleSystems":true,"showVisualEffectGraphs":true,"m_FxEnabled":true},"in2DMode":false,"pivot":{"x":-156.83328247070313,"y":8.365987777709961,"z":-17.947471618652345},"rotation":{"x":0.013059737160801888,"y":-0.9676445722579956,"z":0.050579652190208438,"w":0.25082680583000185},"size":67.55900573730469,"orthographic":false}