{"cameraMode":{"drawMode":0,"name":"Shaded","section":"Shading Mode"},"sceneLighting":true,"audioPlay":false,"sceneViewState":{"m_AlwaysRefresh":false,"showFog":true,"showSkybox":true,"showFlares":true,"showImageEffects":true,"showParticleSystems":true,"showVisualEffectGraphs":true,"m_FxEnabled":true},"in2DMode":false,"pivot":{"x":-136.74343872070313,"y":10.183109283447266,"z":-18.53569793701172},"rotation":{"x":0.006395964417606592,"y":-0.9942373633384705,"z":0.07107983529567719,"w":0.08271782845258713},"size":88.79901885986328,"orthographic":false}